﻿<?xml version="1.0" encoding="utf-8"?>
<MUPDefinition xmlns="http://schemas.dell.com/openmanage/cm/2/0/mupdefinition.xsd" xmlns:xsi="http://www.w3.org/2001/XMLSchema-instance" xsi:schemaLocation="http://schemas.dell.com/openmanage/cm/2/0/mupdefinition.xsd mupdefinition.xsd">
  <packageinformation>
    <name>RST</name>
    <installertype>vendorinstaller</installertype>
    <packagegrouping>dch_package</packagegrouping>
    <packagingtype>dch_inf_package</packagingtype>
    <releasetype>DRVR</releasetype>
    <subsystem>Storage Controller</subsystem>
    <AppliesTo>
      <DeviceInformation>Intel® Rapid Storage Technology</DeviceInformation>
    </AppliesTo>
    <mupspecificationversion>3.0.0</mupspecificationversion>
    <version>20.2.6.1025</version>
    <supportedoperatingsystems>
      <osidentifier name="Windows10" architecture="x64" />
    </supportedoperatingsystems>
    <content dchSupport="true" baseOSBuildNumber="19041">
      <DeviceGroup supportedOSBuildNumber="19041">
        <Device componentID="100638">
          <PCIInfo vendorID="8086" deviceID="09AB" />
          <PCIInfo vendorID="8086" deviceID="467F" />
          <PCIInfo vendorID="8086" deviceID="A77F" />
          <PCIInfo vendorID="8086" deviceID="7D0B" />
          <PCIInfo vendorID="8086" deviceID="AD0B" />
          <Image type="DRVR" inftype="base" version="20.2.6.1025">
            <file>production\Windows10-x64\19041\Drivers\VMD\iaStorVD.inf</file>
            <supportedoperatingsystems>
              <osidentifier name="Windows10.0" architecture="x64" buildNumber="19041" />
            </supportedoperatingsystems>
          </Image>
        </Device>
        <Device componentID="100638">
          <Generic>SWC\VID8086&amp;SW_RstHSA_19_0</Generic>
          <Image type="DRVR" inftype="component" version="20.2.6.1025">
            <file>production\Windows10-x64\19041\Drivers\HsaComponent\iaStorHsaComponent.inf</file>
            <supportedoperatingsystems>
              <osidentifier name="Windows10.0" architecture="x64" buildNumber="19041" />
            </supportedoperatingsystems>
          </Image>
        </Device>
        <Device componentID="100638">
          <PCIInfo vendorID="8086" deviceID="467F" />
          <PCIInfo vendorID="8086" deviceID="A77F" />
          <PCIInfo vendorID="8086" deviceID="7D0B" />
          <PCIInfo vendorID="8086" deviceID="AD0B" />
          <Image type="DRVR" inftype="extension" version="20.2.6.1025" Id="{8541b81c-193b-4f91-a86b-53df20c1974b}">
            <file>production\Windows10-x64\19041\Drivers\HsaExtension\iaStorHsa_Ext.inf</file>
            <supportedoperatingsystems>
              <osidentifier name="Windows10.0" architecture="x64" buildNumber="19041" />
            </supportedoperatingsystems>
          </Image>
        </Device>
      </DeviceGroup>
    </content>
  </packageinformation>
  <executable architecture="x64" timeout="300">
    <executablename>SetupRST.exe</executablename>
  </executable>
  <behaviors>
    <behavior name="attended" />
    <behavior name="freshinstall" />
    <behavior name="unattended">
      <vendoroption>
        <optionvalue switch="/" requiresvalue="false">s</optionvalue>
      </vendoroption>
      <vendoroption>
        <optionvalue switch="/" requiresvalue="false">accepteula</optionvalue>
      </vendoroption>
    </behavior>
  </behaviors>
  <parameters>
    <parametermapping name="logfile">
      <vendoroption>
        <optionvalue switch="/" requiresvalue="true" valuedelimiter=" " enclose="&quot;">reportfile</optionvalue>
      </vendoroption>
    </parametermapping>
  </parameters>
  <returncodes>
    <returncodemapping name="SUCCESS">
      <vendorreturncode>0</vendorreturncode>
    </returncodemapping>
    <returncodemapping name="ERROR">
      <vendorreturncode>1603</vendorreturncode>
    </returncodemapping>
    <returncodemapping name="REBOOTING_SYSTEM">
      <vendorreturncode>1641</vendorreturncode>
    </returncodemapping>
    <returncodemapping name="REBOOT_REQUIRED">
      <vendorreturncode>3010</vendorreturncode>
    </returncodemapping>
    <returncodemapping name="ERROR_INSTALL_PLATFORM_UNSUPPORTED">
      <vendorreturncode>1633</vendorreturncode>
    </returncodemapping>
    <returncodemapping name="UNKNOWN_OPTION">
      <vendorreturncode>1639</vendorreturncode>
    </returncodemapping>
  </returncodes>
  <driverarchive>
    <alldriversroot>.</alldriversroot>
  </driverarchive>
</MUPDefinition>